pid,image_url,prompt
1732064246129594378,"https://p19-oec-general-useast5.ttcdn-us.com/tos-useast5-i-omjb5zjo8w-tx/e37c49c3454b4c32866fd2d0287da065~tplv-fhlh96nyum-resize-jpeg:800:800.jpeg?dr=12186&from=520841845&idc=useast5&ps=933b5bde&shcp=e4b437d3&shp=1f0b6a75&t=555f072d,https://p16-oec-general-useast5.ttcdn-us.com/tos-useast5-i-omjb5zjo8w-tx/e37c49c3454b4c32866fd2d0287da065~tplv-fhlh96nyum-resize-jpeg:800:800.jpeg?dr=12186&from=520841845&idc=useast5&ps=933b5bde&shcp=e4b437d3&shp=1f0b6a75&t=555f072d,https://p16-oec-ttp.tiktokcdn-us.com/tos-useast5-i-omjb5zjo8w-tx/e37c49c3454b4c32866fd2d0287da065~tplv-omjb5zjo8w-resize-jpeg:800:800.image?,https://p16-oec-va.ibyteimg.com/tos-maliva-i-o3syd03w52-us/de02631b18694d7a863d55394c221d19~tplv-o3syd03w52-resize-jpeg:800:800.image?","```
[类型]
UGC 多人互动（亲子测评展示）

[概述]
年轻爸爸和儿子在家中客厅，通过实际漂移操作展示1:24比例四驱遥控漂移赛车的流畅漂移性能与高亮LED车灯，整体氛围轻松欢乐充满童趣。

[风格]
真实 TikTok UGC 风格，手持智能手机拍摄，带自然轻微手抖，连续视频，竖屏 9:16

[环境]
明亮温馨的居家客厅，浅色平滑瓷砖地面适合漂移，背景可见简约沙发与茶几，日常生活化场景，氛围放松。

[人物与情境]
30岁左右白人男性，穿着休闲短袖T恤，8岁左右小男孩，穿着休闲运动童装。爸爸刚开箱给孩子的新礼物，自然演示，父亲情绪从期待到惊喜，孩子全程兴奋好奇，无提前摆拍感。

[镜头]
手持第三人称视角，跟拍赛车移动，中景展示互动，特写展示产品细节与漂移动态，平视自然角度。

[灯光]
柔和室内顶光加傍晚窗外自然光，整体色调温暖，赛车LED灯光效果清晰突出。

[产品一致性]
1:24比例运动造型遥控漂移赛车，黑红运动配色车身，带高亮LED车灯，配套遥控器与备用轮胎。确保视频中商品视觉效果与提供图片完全一致，保持相同比例、形状、颜色，全程一致。

[背景音]
轻快活泼的轻节奏BGM贯穿全程，音量低于口播，搭配真实的轮胎摩擦地面的轻微声效，自然居家环境底噪。

[转场/剪辑]
TikTok风格快速跳切，节奏明快，无复杂特效。

[约束条件]
保持自然、非摆拍，禁止逐字全屏字幕，禁止价格信息，禁止危险操作，适当添加英文卖点贴纸自然融入画面。

[动作与旁白]

Shot 1（0–2s Hook）
亮着LED灯的遥控赛车从画面左侧快速漂移入镜，带起轻微轮胎打滑动态，直接抓住眼球。

Shot 2（2–4s）
特写赛车车头点亮的LED车灯，清晰展示灯光效果，画面出现文字贴纸 ""Bright LED Lights ✨""。

Shot 3（4–6s）
爸爸手持遥控器操作，赛车在瓷砖地面直线加速，镜头跟拍赛车移动。

Shot 4（6–8s）
特写赛车漂移过弯的动态，车轮打滑横向漂移，画面出现文字贴纸 ""Smooth 4WD Drift 🔥""。

Shot 5（8–10s）
漂移停下后，小男孩凑上前，伸手轻轻触碰赛车车身，露出惊喜的表情。

Shot 6（10–12s）
爸爸拿起赛车，侧身展示整体外观和备用轮胎，轻轻转动展示细节。

Shot 7（12–15s CTA）
爸爸重新操作赛车朝着镜头方向加速冲过来，最后停在镜头前，小男孩在旁笑着挥手引导点击。

旁白 [男性, 30岁左右, 真诚兴奋, 美式口音, 中等语速, 好奇→惊喜满意]：""Wait, this tiny drift car actually slaps! Look how smooth it drifts, even the LEDs work perfectly. My kid is totally obsessed. It's such a perfect gift. Tap the link to grab one!""
次要说话人 [男孩, 约8岁, 兴奋惊叹]：""Wow, that's so cool!""
```"
1732050365938570036,https://p16-oec-ttp.tiktokcdn-us.com/tos-useast5-i-omjb5zjo8w-tx/0e1c4485b34a4d99bfb1fb8f9e9b95b0~tplv-omjb5zjo8w-resize-jpeg:800:800.image?,"```
[类型]
UGC 第三人称 亲子玩具分享

[概述]
一位年轻妈妈在家中儿童游戏区陪女儿搭建粉色公主城堡，通过亲子玩耍展示粉色公主磁力片的高颜值设计、益智创意可玩性，整体氛围温馨欢乐充满童真。

[风格]
真实原生TikTok UGC风格，手持智能手机拍摄，自然轻微手抖，真实日常感。连续视频。竖屏 9:16。

[环境]
明亮整洁的客厅儿童游戏区，地面铺着浅色软爬垫，背景是简约居家软装，日间自然光从落地窗照入，放松舒适的家庭玩耍氛围。

[人物与情境]
20-30岁白人年轻妈妈，穿休闲浅色系居家服；6岁左右白人小女孩，穿粉色蓬蓬公主裙。日常陪玩过程中随手记录分享，情绪从给孩子选礼物的困扰转变为看到孩子开心的满足感，小女孩全程兴奋投入，自发互动，无刻意表演感。

[镜头]
手持第三人跟拍视角，开头特写抓眼球，中景展示玩耍过程，特写呈现产品细节，平视角度，贴近日常观看感受，跟随玩耍动作自然移动。

[灯光]
柔和明亮的日间自然光，暖调，均匀照亮场景，无生硬阴影，整体呈现温馨活泼的暖色调。

[产品一致性]
粉色公主城堡主题磁力片，以粉色为主色调，包含多种形状的磁力块，整体风格匹配商品图。确保视频中商品视觉效果与提供图片完全一致，保持相同比例、形状、颜色，全程一致。

[背景音]
轻快活泼的儿童向轻BGM贯穿，音量低于口播不抢话，搭配自然居家环境底噪，轻微积木碰撞声和背景笑声，真实自然。

[转场/剪辑]
TikTok风格快速自然跳切，无复杂特效，原生剪辑风格。

[约束条件]
保持自然、非摆拍。禁止刻意硬广摆拍，禁止逐字全屏字幕，禁止出现价格信息，儿童不承担推销讲解内容，适当添加英文卖点贴纸自然融入画面。

[动作与旁白]

Shot 1（0–2s）
画面：小女孩捧着搭建完成的粉色公主城堡成品对着镜头展示，城堡的粉色尖顶拱门清晰入镜，画面添加文字贴纸“OMG so cute! 💖”

Shot 2（2–4s）
画面：妈妈将整盒磁力片倒在爬垫上，散开展示全系列粉色系不同形状的磁力片

Shot 3（4–6s）
画面：特写镜头，妈妈将两片磁力片轻轻靠拢，自然吸附在一起，展示顺滑的磁力效果

Shot 4（6–8s）
画面：中景，小女孩自己动手拼搭城堡墙体，轻松就能把磁力片吸合，脸上满是兴奋

Shot 5（8–10s）
画面：中景展示半成型的创意城堡结构，妈妈轻轻转动城堡展示可以自由变换造型，画面添加文字贴纸“STEM Creative Play”

Shot 6（10–12s）
画面：小女孩把自己的公主玩偶放进搭建好的城堡庭院，开心地和玩偶互动玩过家家

Shot 7（12–15s）
画面：镜头切换，妈妈把产品包装盒移到镜头前景，小女孩笑着歪头对着镜头，自然抬手比向屏幕下方购物车位置

旁白 [女性, 20多岁后半, 温柔亲切, 美式口音, 自然中等语速, 发愁选礼物→惊喜满足]：""Struggling to find the perfect gift for my little girl? These magnetic tiles are chef's kiss. She built this whole castle by herself, keeps her busy for hours. Super fun and educational! Tap the link to grab yours!""
次要说话人 [女孩, 约6岁, 兴奋开心]：""Look at my castle!""
```"
1729735149879398536,https://p16-oec-ttp.tiktokcdn-us.com/tos-useast5-i-omjb5zjo8w-tx/06de284377194f33b0009db5ea013659~tplv-omjb5zjo8w-resize-jpeg:800:800.image?,"```
[类型]
UGC 第三人称

[概述]
一位年轻妈妈在家中客厅拆箱分享这款仿真重生娃娃，通过细节展示和亲子互动，展示产品逼真做工、柔软质感和全套配件，整体氛围温馨治愈充满爱意。

[风格]
真实TikTok UGC风格，手持智能手机拍摄，带自然轻微抖动，原生感，连续视频，竖屏 9:16

[环境]
明亮温馨的美式居家客厅，浅米色沙发搭配柔软地毯，下午自然光透过纱帘洒入，干净整洁充满生活气息

[人物与情境]
25岁左右白人年轻妈妈，穿着休闲宽松的居家卫衣，刚收到快递自发分享种草，表情从期待拆箱到惊讶惊喜，状态自然不刻意，一旁小女儿好奇围观，不承担推销内容

[镜头]
手持平视拍摄，跟随动作自然运镜，中景展示整体，特写突出细节，保持亲切的观看视角

[灯光]
柔和的暖调午后自然光，光线均匀柔和，无强烈硬阴影，整体氛围温暖治愈

[产品一致性]
柔软硅胶仿真新生娃娃，带有手绘3D睫毛、仿真头发，搭配全套服饰配件，外观逼真贴近真实新生儿。确保视频中商品视觉效果与提供图片完全一致，保持相同比例、形状、颜色，全程一致

[背景音]
轻柔温馨的轻节奏钢琴BGM贯穿全片，音量远低于口播，搭配自然的拆箱环境底噪，无夸张音效

[转场/剪辑]
TikTok风格快速自然跳切，无复杂特效，保持原生感

[约束条件]
保持自然、非摆拍，禁止刻意广告摆拍感，禁止出现价格信息，禁止未成年人讲解推销，适当添加TikTok风格英文卖点贴纸，自然融入画面

[动作与旁白]

Shot 1（0–2s）
画面：拆开礼盒顶盖，对准镜头露出娃娃逼真的小脸，画面叠加文字贴纸 ""OMG SO REAL!""

Shot 2（2–4s）
画面：妈妈轻轻将娃娃从礼盒中抱出来，展示完整造型和整体大小

Shot 3（4–6s）
画面：特写对准娃娃眼部，妈妈手指轻轻拂过睫毛，展示手绘3D睫毛细节，画面叠加文字贴纸 ""Hand-painted Lashes""

Shot 4（6–8s）
画面：特写妈妈手指捏了捏娃娃的硅胶手臂，展示柔软的材质质感

Shot 5（8–10s）
画面：将娃娃的全套配饰和小衣服摊开放在沙发上，展示全部配套产品，画面叠加文字贴纸 ""Full Accessories""

Shot 6（10–12s）
画面：妈妈把娃娃抱在怀里，小女儿凑过来轻轻摸娃娃的脸，露出开心的表情

Shot 7（12–15s）
画面：妈妈将娃娃和礼盒一起对着镜头，伸手比向屏幕下方购物车位置引导点击

旁白 [女性, 20多岁中段, 温柔真诚, 美式口音, 舒缓自然语速, 期待好奇→惊喜满足]：""Wait, look how realistic this reborn doll is! The details are insane, it comes with full accessories too. My little girl is already obsessed. Such a perfect birthday gift, tap the link to get yours!""
次要说话人 [女童, 约4岁, 开心好奇]：""So cute!""
```"
1731525744393098105,"https://p16-oec-ttp.tiktokcdn-us.com/tos-useast5-i-omjb5zjo8w-tx/acb73a3489c047f2835fc0706850439c~tplv-omjb5zjo8w-resize-jpeg:800:800.image?,https://p16-oec-ttp.tiktokcdn-us.com/tos-useast5-i-omjb5zjo8w-tx/acb73a3489c047f2835fc0706850439c~tplv-omjb5zjo8w-resize-jpeg:800:800.image?","```
[类型]
UGC 第三人称

[概述]
一位年轻家居爱好者在自家客厅空白墙面，通过布置后的细节展示和光影效果，展示树脂蜂鸟墙面挂饰的镜面创意设计和精致装饰性，整体氛围温馨治愈，充满生活小确幸。

[风格]
真实原生TikTok UGC风格，手持智能手机拍摄，自然轻微手抖，连续视频，竖屏 9:16

[环境]
明亮的浅色系北欧风客厅，窗边空白墙面，周围有简约沙发和小绿植，柔和自然光从侧面窗户照入，干净舒适的居家氛围。

[人物与情境]
20多岁白人女性，穿着宽松休闲针织上衣，长发半挽，刚把挂饰安装好，随手拿起手机记录分享，情绪从期待到惊喜满意，状态放松自然，无刻意推销感。

[镜头]
手持平视视角，自然跟随人物视线轻微移动，特写抓细节，拉远展示整体装饰效果，原生感运镜，无刻意生硬推拉。

[灯光]
柔和斜射的窗边自然光，阳光落在挂饰上，镜面反射出灵动细碎光斑，整体色调温暖明亮，治愈温馨。

[产品一致性]
产品为树脂材质蜂鸟造型墙面挂饰，带有镜面装饰设计，精致蜂鸟轮廓，做工纹理清晰。确保视频中商品视觉效果与提供图片完全一致，保持相同比例、形状、颜色，全程一致。

[背景音]
轻柔轻节奏indie BGM，音量低于口播不抢声，搭配自然轻微室内环境底噪，整体放松舒缓。

[转场/剪辑]
TikTok风格自然快速跳切，无复杂特效，剪辑流畅原生。

[约束条件]
保持自然、非摆拍，禁止逐字全屏字幕，禁止出现价格信息，禁止扭曲产品外形，适当添加英文卖点贴纸自然融入画面。

[动作与旁白]

Shot 1（0–2s）
画面：特写阳光斜射在蜂鸟挂饰的镜面上，反射出细碎灵动光斑，抓牢视线。画面出现文字贴纸 ""Wait look at this ✨""

Shot 2（2–4s）
画面：镜头微微拉远，展示完整蜂鸟挂饰挂在墙面的造型，人物手指轻轻点过蜂鸟的镜面区域。

Shot 3（4–6s）
画面：人物后退一步，露出半张脸，展示挂饰和墙面的整体搭配效果，露出惊喜的表情。画面出现文字贴纸 ""Perfect for bird lovers""

Shot 4（6–8s）
画面：人物轻微侧身，展示镜面反射窗外光影的动态效果，晃动带来光斑轻轻晃动，体现灵动感。

Shot 5（8–10s）
画面：特写蜂鸟的树脂纹理细节，展示精致做工。画面出现文字贴纸 ""Super detailed""

Shot 6（10–13s）
画面：镜头拉远，展示挂饰在客厅角落的整体装饰效果，和周围家居自然融合。

Shot 7（13–15s）
画面：人物侧转向镜头，手指轻点屏幕下方，笑着歪头引导点击。

旁白 [女性, 20多岁前段, 温柔惊喜, 美式口音, 轻松自然语速, 好奇→欣喜满意]：""Wait, look how the light catches this hummingbird wall decor! The mirror detail is so pretty, it adds such a cute vibe to my blank wall. Perfect for any bird lover, tap the link to grab yours!""
```"
1732064246129594378,"https://p19-oec-general-useast5.ttcdn-us.com/tos-useast5-i-omjb5zjo8w-tx/e37c49c3454b4c32866fd2d0287da065~tplv-fhlh96nyum-resize-jpeg:800:800.jpeg?dr=12186&from=520841845&idc=useast5&ps=933b5bde&shcp=e4b437d3&shp=1f0b6a75&t=555f072d,https://p16-oec-general-useast5.ttcdn-us.com/tos-useast5-i-omjb5zjo8w-tx/e37c49c3454b4c32866fd2d0287da065~tplv-fhlh96nyum-resize-jpeg:800:800.jpeg?dr=12186&from=520841845&idc=useast5&ps=933b5bde&shcp=e4b437d3&shp=1f0b6a75&t=555f072d,https://p16-oec-ttp.tiktokcdn-us.com/tos-useast5-i-omjb5zjo8w-tx/e37c49c3454b4c32866fd2d0287da065~tplv-omjb5zjo8w-resize-jpeg:800:800.image?,https://p16-oec-va.ibyteimg.com/tos-maliva-i-o3syd03w52-us/de02631b18694d7a863d55394c221d19~tplv-o3syd03w52-resize-jpeg:800:800.image?","```
[类型]
UGC 多人互动

[概述]
一位年轻爸爸在家庭客厅和儿子体验1:24遥控漂移车，通过实操演示展示产品的流畅漂移性能、LED灯光和可玩性，整体氛围轻松欢乐充满童趣。

[风格]
真实TikTok UGC风格，手持智能手机拍摄，自然轻微手抖，连续视频，竖屏 9:16

[环境]
明亮温馨的家庭客厅，地面铺浅灰色短绒地毯，背景是简约浅色布艺沙发，日常整洁的居家环境，无多余杂物干扰。

[人物与情境]
25-30岁白人男性，穿着休闲灰卫衣；5岁左右白人小男孩，穿彩色卡通短袖T恤。爸爸刚拆完新玩具，即兴拍摄和孩子试玩，爸爸负责口播，孩子全程兴奋互动，情绪从好奇期待转为开心惊喜。

[镜头]
手持手机第三人跟拍，部分镜头贴近地面拍摄小车行驶，中景展示人物互动，特写突出车灯和漂移细节，保留自然轻微手抖的真实UGC感。

[灯光]
柔和的室内傍晚暖光，整体光线均匀，小车的LED车灯在环境中格外醒目，突出灯光卖点，无强烈硬阴影。

[产品一致性]
1:24比例运动造型四驱动遥控漂移赛车，带外置LED车灯，外观配色与参考图一致。确保视频中商品视觉效果与提供图片完全一致，保持相同比例、形状、颜色，全程一致。

[背景音]
轻快童趣的低音量电子BGM贯穿，音量远低于口播，保留真实环境底噪：小车行驶的轻微电机声、小孩的笑声，自然真实。

[转场/剪辑]
TikTok风格快速跳切，镜头衔接自然，无复杂特效，符合15秒短视频节奏。

[约束条件]
保持自然、非摆拍。禁止逐字字幕、禁止价格信息、禁止危险操作。儿童仅做简单情绪反馈，不承担推销讲解。适当添加英文卖点贴纸自然融入画面。

[动作与旁白]

Shot 1（0–2s）
贴地低角度拍摄，遥控车在地毯上完成顺畅180度漂移动作，LED车灯同步亮起，抓眼球。

Shot 2（2–4s）
特写小车车头的LED车灯点亮状态，爸爸手持遥控器轻轻操控，小车缓慢向前行驶。

Shot 3（4–6s）
中景展示爸爸操控遥控器，小车在地毯上直线加速，画面弹出文字贴纸 ""4WD Ultra Fast""。

Shot 4（6–8s）
小男孩蹲在地毯边，眼睛紧盯漂移的小车，露出惊喜兴奋的表情。

Shot 5（8–10s）
低角度特写漂移动作，车轮打滑顺畅过弯，画面弹出文字贴纸 ""Smooth Drift 🚗""。

Shot 6（10–12s）
爸爸拿起小车对准镜头，转动车身展示整体外观造型，车灯保持点亮。

Shot 7（12–15s）
爸爸把小车放到小男孩手里，小男孩举着小车对着镜头晃，爸爸伸手对着屏幕下方做出点击动作引导下单。

旁白 [男性, 20多岁后半, 轻松愉悦, 美式口音, 中等语速, 好奇惊喜→满足开心]：""Guys, this tiny drift car is way cooler than I expected. Look how smooth it drifts, the LEDs are so cool. My son is totally obsessed! Perfect birthday gift for kids, tap the link to grab yours!""
次要说话人 [儿童, 约5岁, 兴奋惊喜]：""Whoa! So cool!""
```"
1732050365938570036,https://p16-oec-ttp.tiktokcdn-us.com/tos-useast5-i-omjb5zjo8w-tx/0e1c4485b34a4d99bfb1fb8f9e9b95b0~tplv-omjb5zjo8w-resize-jpeg:800:800.image?,"```
[类型]
UGC 多人互动

[概述]
一位年轻宝妈在客厅和女儿一起玩耍，通过拼搭互动展示粉色公主城堡磁力片易操作、益智创意的核心卖点，整体氛围温馨童趣欢乐。

[风格]
真实TikTok UGC风格，手持智能手机拍摄，自然轻微手抖，连续视频，竖屏 9:16

[环境]
明亮整洁的居家客厅，地面铺着柔软的儿童爬行垫，背景是浅色系布艺沙发，柔和自然光从落地窗照入，舒适放松的亲子玩耍氛围

[人物与情境]
20-30岁白人女性宝妈，穿着休闲浅灰色居家T恤；5岁左右白人小女孩，穿着粉色蓬蓬公主裙。宝妈随手整理玩具时自发拿出这套磁力片记录分享，情绪从平和日常到惊喜认可，小女孩全程兴奋好奇，只做玩耍互动不讲解推销

[镜头]
手持第三人称视角，中景带场景，特写展示产品细节，平视角度贴近日常玩耍，自然不刻意

[灯光]
柔和的室内暖调自然光，均匀照明无硬阴影，明亮温馨的氛围感

[产品一致性]
粉色公主主题磁力片，以粉白浅粉为主色调，多种几何形状，磁力拼接结构。确保视频中商品视觉效果与提供图片完全一致，保持相同比例、形状、颜色，全程一致

[背景音]
轻快活泼的轻节奏儿童BGM贯穿全程，音量低于口播，搭配自然的拼搭碰撞声、室内环境底噪，保留小女孩的笑声

[转场/剪辑]
TikTok风格快速跳切，无复杂特效，剪辑流畅自然

[约束条件]
保持自然、非摆拍，禁止价格信息，禁止逐字全屏字幕，禁止危险动作，适当添加英文卖点贴纸自然融入画面

[动作与旁白]

Shot 1（0–2s）Hook：画面：小女孩扑向已经拼搭完成的超大粉色公主城堡，笑着把城堡转向镜头，结果先行抓眼球

Shot 2（2–4s）：画面：宝妈拿起一块磁力片凑近镜头，展示光滑的边缘和细腻的粉色质感，画面弹出文字贴纸 ""Smooth Safe Edges""

Shot 3（4–6s）：画面：宝妈将两块磁力片慢慢靠近，磁力自动吸合在一起，展示磁力强度

Shot 4（6–8s）：画面：小女孩自己拿起不同形状的磁力片，尝试拼接调整，歪着脑袋认真摆弄

Shot 5（8–10s）：画面：特写拼合好的城堡塔楼缝隙，展示拼接的服帖整齐，画面弹出文字贴纸 ""Strong Magnet Hold""

Shot 6（10–12s）：画面：宝妈帮小女孩把城堡顶的星星装饰片拼上去，完整城堡造型成型

Shot 7（12–15s）CTA：镜头切到中景，宝妈把产品包装盒放在城堡旁，伸手轻点屏幕下方引导点击

旁白 [女性, 20多岁后半, 温柔真诚, 美式口音, 中等语速, 日常平和→惊喜认可]：""Look at this magical pink castle my girl built! These tiles are so easy for little hands. Such a fun creative STEM gift for little princess lovers. Tap the link to grab one!""
次要说话人 [女孩, 约5岁, 兴奋开心]：""It's my castle! So pretty!""
```"
1729735149879398536,https://p16-oec-ttp.tiktokcdn-us.com/tos-useast5-i-omjb5zjo8w-tx/06de284377194f33b0009db5ea013659~tplv-omjb5zjo8w-resize-jpeg:800:800.image?,"```
[类型]
UGC 第三人称 宝妈生日礼物分享

[概述]
一位年轻白人宝妈在居家客厅通过开箱展示重生娃娃的逼真细节与柔软质感，呈现产品作为儿童生日礼物的吸引力，整体氛围温馨惊喜。

[风格]
真实TikTok UGC风格，手持智能手机拍摄，自然轻微手抖，日常真实感。连续视频。竖屏 9:16。

[环境]
明亮的日间居家客厅，浅色系布艺沙发，背景有简单居家装饰，柔和落地窗自然光，松弛温馨的家庭氛围。

[人物与情境]
20-30岁白人女性宝妈，穿着休闲浅色系居家卫衣，刚收到快递自发开箱记录分享，情绪从期待转为惊喜，自然放松无刻意摆拍感。

[镜头]
手持第三人称拍摄，开场中景抓眼球，细节用特写，平视角度，自然跟随人物动作，轻微晃动符合手机拍摄质感。

[灯光]
柔和暖调日间自然光，均匀照明，无强烈硬阴影，温馨治愈的氛围。

[产品一致性]
逼真新生婴儿造型重生娃娃，柔软硅胶材质，带手绘3D睫毛和仿真发丝，含全套配套配件。确保视频中商品视觉效果与提供图片完全一致，保持相同比例、形状、颜色，全程一致。

[背景音]
轻柔温馨的轻节奏BGM贯穿全程，音量低于口播不抢声，叠加自然轻微的开箱动作环境音，真实自然。

[转场/剪辑]
TikTok风格快速跳切，无复杂特效，剪辑流畅自然，符合UGC节奏。

[约束条件]
保持自然、非摆拍，禁止危险动作，禁止逐字全屏字幕，禁止出现价格信息，适当添加TikTok风格英文卖点贴纸自然融入画面。

[动作与旁白]

Shot 1（0–2s）
画面：宝妈从打开的快递盒中抱出重生娃娃，直接将娃娃整体对准镜头，逼真造型瞬间入镜抓眼球。

Shot 2（2–4s）
画面：特写娃娃的眼部区域，展示手绘3D睫毛，宝妈轻轻扫过睫毛展示细节，画面弹出文字贴纸 ""Hand-painted 3D Lash""。

Shot 3（4–6s）
画面：特写娃娃的头部，宝妈轻轻拨弄娃娃的仿真发丝，展示发丝质感。

Shot 4（6–8s）
画面：特写娃娃的手臂，宝妈轻轻捏了捏硅胶手臂，展示柔软材质，画面弹出文字贴纸 ""Super Soft Silicone""。

Shot 5（8–10s）
画面：宝妈把全套配套小配件摆放在沙发上，展示整套配置。

Shot 6（10–12s）
画面：宝妈将娃娃抱在怀中，轻轻晃动展示整体逼真效果。

Shot 7（12–15s）
画面：宝妈把娃娃和配件放在身侧，伸手指向镜头下方，做出点击动作引导购物车。

旁白 [女性, 20多岁后半, 温柔真诚, 美式口音, 放松语速, 期待开箱→惊喜惊艳→满足推荐]：""Wait, look how realistic this reborn doll is! The details are insane, it's soft silicone with all the little accessories. It's the perfect birthday gift, I'm totally obsessed. Tap the link to get yours now!""
```"
1731525744393098105,"https://p16-oec-ttp.tiktokcdn-us.com/tos-useast5-i-omjb5zjo8w-tx/acb73a3489c047f2835fc0706850439c~tplv-omjb5zjo8w-resize-jpeg:800:800.image?,https://p16-oec-ttp.tiktokcdn-us.com/tos-useast5-i-omjb5zjo8w-tx/acb73a3489c047f2835fc0706850439c~tplv-omjb5zjo8w-resize-jpeg:800:800.image?","```
[类型]
UGC 第三人称

[概述]
一位年轻女性博主在自家玄关，通过改造空白墙面展示这款树脂蜂鸟镜面壁挂装饰的创意镜面设计与美观装饰性，整体氛围温馨治愈，充满生活化氛围感。

[风格]
真实TikTok UGC风格，手持智能手机拍摄，自然轻微手抖，原生感居家分享画面。连续视频。竖屏 9:16。

[环境]
明亮温馨的美式居家玄关，浅米色纯色墙面，背景可见简约边几和几株小绿植，柔和自然光从侧窗透入，干净舒适的日常居家氛围。

[人物与情境]
20-30岁白人年轻女性，穿休闲宽松浅灰色居家卫衣，刚刚整理完新家，自发分享挖到的小众装饰好物，情绪从面对空白墙面的平淡无奈，到装上装饰后的惊喜满意，状态自然松弛，无刻意推销感。

[镜头]
手持运镜，平视角度，开头中景展示整体场景，特写突出产品细节，跟随人物动作自然移动，保持原生真实感。

[灯光]
柔和的侧射室内自然光，均匀明亮无硬阴影，暖调色调，突出产品镜面的反光质感。

[产品一致性]
立体蜂鸟造型树脂壁挂装饰，带镜面表面设计，造型生动线条流畅，外观配色与提供图片一致。确保视频中商品视觉效果与提供图片完全一致，保持相同比例、形状、颜色，全程一致。

[背景音]
轻柔慵懒的轻民谣BGM贯穿全片，音量远低于口播不抢声，叠加自然的居家环境底噪，轻微的动作摩擦声，真实不突兀。

[转场/剪辑]
TikTok风格快速自然跳切，无复杂特效，符合移动端观看节奏。

[约束条件]
保持自然、非摆拍。禁止逐字长字幕、禁止价格信息、禁止过度修图。适当添加TikTok风格英文卖点贴纸，自然融入画面。

[动作与旁白]
Shot 1（0–2s）
画面：创作者站在玄关空白墙面前，对着镜头摊手点了点空荡荡的墙面，文字贴纸 ""Boring blank wall 😩""

Shot 2（2–4s）
画面：创作者拿出蜂鸟壁挂，对着镜头展示整体造型，文字贴纸 ""My new little find ✨""

Shot 3（4–6s）
画面：特写产品的蜂鸟造型和镜面表面，创作者轻轻转动产品展示镜面反光效果

Shot 4（6–8s）
画面：创作者抬手把壁挂挂到预先留好的挂钩上，完成后退后一步歪头看效果

Shot 5（8–10s）
画面：中景展示挂好后的整体墙面效果，镜头慢慢推近突出蜂鸟装饰

Shot 6（10–12s）
画面：特写镜面表面，阳光照射下反射出柔和光影，展示设计细节

Shot 7（12–15s）
画面：创作者站在装饰旁，侧身对着镜头伸手向屏幕下方购物车位置引导点击，文字贴纸 ""Grab yours here ↘️""

旁白 [女性, 20多岁中段, 轻松闺蜜式种草, 美式口音, 自然放松语速, 平淡无奈→惊喜满意]：""Honestly, my entryway wall was so boring forever. Look at this little hummingbird decor! The mirror detail is so pretty, it livens up the whole space. Such a cute upgrade, tap the link to grab yours!""
```"
1732064246129594378,"https://p19-oec-general-useast5.ttcdn-us.com/tos-useast5-i-omjb5zjo8w-tx/e37c49c3454b4c32866fd2d0287da065~tplv-fhlh96nyum-resize-jpeg:800:800.jpeg?dr=12186&from=520841845&idc=useast5&ps=933b5bde&shcp=e4b437d3&shp=1f0b6a75&t=555f072d,https://p16-oec-general-useast5.ttcdn-us.com/tos-useast5-i-omjb5zjo8w-tx/e37c49c3454b4c32866fd2d0287da065~tplv-fhlh96nyum-resize-jpeg:800:800.jpeg?dr=12186&from=520841845&idc=useast5&ps=933b5bde&shcp=e4b437d3&shp=1f0b6a75&t=555f072d,https://p16-oec-ttp.tiktokcdn-us.com/tos-useast5-i-omjb5zjo8w-tx/e37c49c3454b4c32866fd2d0287da065~tplv-omjb5zjo8w-resize-jpeg:800:800.image?,https://p16-oec-va.ibyteimg.com/tos-maliva-i-o3syd03w52-us/de02631b18694d7a863d55394c221d19~tplv-o3syd03w52-resize-jpeg:800:800.image?","```
[类型]
UGC 第三人称

[概述]
一位年轻父亲在家中客厅陪孩子玩，通过漂移操作展示这款1:24四驱遥控漂移车的流畅漂移性能、LED车灯和可玩性，整体氛围轻松欢乐充满童趣。

[风格]
真实TikTok UGC风格，手持智能手机拍摄，自然轻微手抖，连续视频，竖屏 9:16

[环境]
明亮空旷的家庭客厅游戏区，光滑干净的浅色地面，背景可见舒适沙发和儿童玩具收纳箱，自然居家氛围，无杂乱杂物干扰画面。

[人物与情境]
28-35岁白人男性，穿着休闲居家短袖T恤，情绪轻松 playful，一旁有6岁左右男孩围观兴奋互动，男性负责核心讲解，儿童仅做自然情绪反馈，随手记录陪玩日常，无刻意推销感。

[镜头]
开头特写抓眼球，中景跟拍车身漂移动作，微距展示产品细节，平视手持视角，保持真实原生感。

[灯光]
柔和明亮的室内自然光，明暗均匀，突出车身LED灯的清晰发光效果，无强烈硬阴影。

[产品一致性]
1:24比例竞速造型遥控漂移车，带亮LED车灯，配有备用轮胎，确保视频中商品视觉效果与提供图片完全一致，保持相同比例、形状、颜色，全程一致。

[背景音]
轻快活泼的休闲BGM贯穿全程，音量低于口播，搭配自然的赛车电机行驶声、轻微居家环境底噪。

[转场/剪辑]
TikTok风格快速跳切，节奏明快，匹配漂移动作节奏，无多余特效。

[约束条件]
保持自然、非摆拍，禁止逐字大字幕，禁止价格信息，禁止危险操作，适当添加英文卖点贴纸自然融入画面。

[动作与旁白]

Shot 1（0–2s）
画面：特写遥控车在地面完成漂移动作，甩尾时轮胎滑动，LED车灯亮着，直接抓眼球

Shot 2（2–4s）
画面：手拿着遥控车翻转展示整体外观，对准镜头呈现车身竞速造型，画面出现文字贴纸 ""4WD Drift Capability""

Shot 3（4–6s）
画面：特写车头亮着的LED车灯，展示发光效果，画面出现文字贴纸 ""Bright LED Lights ✨""

Shot 4（6–8s）
画面：中景拍摄，男性操作遥控器，遥控车加速后横漂绕过地面的水杯障碍

Shot 5（8–10s）
画面：慢动作回放漂移瞬间，展示漂移的流畅度和轮胎抓地力

Shot 6（10–13s）
画面：男性拿起遥控车和备用轮胎展示，一旁男孩兴奋探头观看

Shot 7（13–15s）
画面：遥控车缓慢漂移到镜头前停下，男性手指向屏幕下方购物车位置引导点击

旁白 [男性, 30岁左右, 惊喜玩味, 美式口音, 中等语速, 惊讶好奇→满意推荐]：""Wait, this tiny drift car actually drifts! Look how smooth it is, the LEDs are so cool. Both my kid and I are obsessed. It's the perfect birthday gift, click the link to grab yours!""
次要说话人 [男孩, 约6岁, 兴奋惊喜]：""Whoa, that's awesome!""
```"
1732050365938570036,https://p16-oec-ttp.tiktokcdn-us.com/tos-useast5-i-omjb5zjo8w-tx/0e1c4485b34a4d99bfb1fb8f9e9b95b0~tplv-omjb5zjo8w-resize-jpeg:800:800.image?,"```
[类型]
UGC 多人互动

[概述]
年轻妈妈和五岁小女孩在客厅游戏区，通过亲子拼搭展示粉色公主城堡磁力片的易拼接、磁力稳固、益智创意的核心卖点，整体氛围温馨欢乐充满童趣。

[风格]
真实TikTok UGC风格，手持智能手机拍摄，自然轻微抖动，连续视频，竖屏 9:16

[环境]
明亮整洁的居家客厅游戏区，铺着浅色爬爬垫，背景是简约布艺沙发，柔和阳光从侧边落地窗照入，温暖舒适的家庭玩乐氛围。

[人物与情境]
20-30岁白人年轻妈妈，穿着休闲浅灰色居家T恤，情绪放松亲切；5岁白人小女孩，穿粉色蓬蓬公主裙，全程兴奋开心。妈妈整理玩具时拿出磁力片套装，自发和孩子一起玩乐分享，没有刻意摆拍感，妈妈负责核心讲解，孩子仅做自然情绪反馈。

[镜头]
手持第三人称拍摄，中景展示亲子互动过程，特写展示磁力吸附和产品细节，平视亲切角度，符合日常拍摄习惯。

[灯光]
柔和暖调室内自然光，均匀照明无硬阴影，整体氛围温暖明亮。

[产品一致性]
粉色公主主题磁力积木，多种形状，粉色调为主，可拼搭出梦幻公主城堡造型。确保视频中商品视觉效果与提供图片完全一致，保持相同比例、形状、颜色，全程一致。

[背景音]
轻快活泼的低音量亲子BGM，音量低于口播不抢话，搭配自然居家环境底噪，轻微积木碰撞声和孩童笑声。

[转场/剪辑]
TikTok风格快速自然跳切，无复杂特效，剪辑流畅。

[约束条件]
保持自然、非摆拍，禁止价格信息，禁止强制品牌特写，禁止危险动作，儿童不承担推销讲解，适当添加英文卖点贴纸自然融入画面。

[动作与旁白]

Shot 1（0–2s）
画面：拼搭完成的粉色公主城堡放在爬爬垫中央，小女孩睁着亮晶晶的眼睛扑过来抱住城堡，满脸惊喜。

Shot 2（2–4s）
画面：特写两块粉色磁力片，妈妈轻轻将两块靠近，自动吸附贴合，画面出现文字贴纸 ""Strong Stable Magnets""。

Shot 3（4–6s）
画面：中景，小女孩自己拿起磁力片，轻松把一块塔墙拼到城堡上，拼好后开心拍手，画面出现文字贴纸 ""Easy For Little Hands""。

Shot 4（6–8s）
画面：慢慢平移镜头，展示公主城堡的粉色尖顶、装饰门窗整体造型，画面出现文字贴纸 ""Dreamy Princess Theme""。

Shot 5（8–10s）
画面：妈妈轻轻晃动城堡底座，城堡完全不松散坍塌，展示稳固性。

Shot 6（10–12s）
画面：俯拍爬爬垫，展示散落的多种形状磁力片，体现套装配件充足。

Shot 7（12–15s）
画面：小女孩拉着妈妈的手靠到城堡旁，妈妈笑着伸手点向屏幕下方引导点击。

旁白 [女性, 20多岁后半, 温柔亲切, 美式口音, 中等语速, 轻松分享→满意推荐]：""Looking for the perfect gift for your little girl? These magnetic tiles are so fun and easy to use. She built this whole princess castle all by herself! It's such a great educational toy. Grab yours before they sell out!""
次要说话人 [儿童, 约5岁, 开心兴奋]：""My pretty castle!""
```"
1729735149879398536,https://p16-oec-ttp.tiktokcdn-us.com/tos-useast5-i-omjb5zjo8w-tx/06de284377194f33b0009db5ea013659~tplv-omjb5zjo8w-resize-jpeg:800:800.image?,"```
[类型]
UGC 第三人称

[概述]
一位年轻白人宝妈在儿童房通过开箱展示和亲子互动，展示仿真重生娃娃逼真柔软、细节精致的核心卖点，整体氛围温馨治愈充满爱意。

[风格]
真实TikTok UGC风格，手持智能手机拍摄，自然轻微手抖，生活化真实感，连续视频，竖屏 9:16

[环境]
明亮温馨的浅色系儿童房，上午阳光透过白纱窗洒进房间，地面铺柔软地毯，背景可见简约儿童玩具收纳架，氛围干净温暖。

[人物与情境]
25-30岁白人女性，穿着休闲浅灰色居家卫衣，刚收到快递，准备给女儿准备生日礼物，自发拿起手机分享这款惊喜好物，情绪从期待开箱到看到成品的惊喜，状态自然放松，无刻意表演感。

[镜头]
手持第三人称视角，开头特写抓眼球，中景展示互动，细节镜头拍产品纹路，平视角度贴近日常拍摄习惯。

[灯光]
柔和暖调自然光，均匀照明无强烈硬阴影，整体色调温暖治愈。

[产品一致性]
逼真新生仿真娃娃，柔软硅胶材质，手工绘制3D睫毛，仿真发丝，搭配完整服饰配饰，外观和图片一致。确保视频中商品视觉效果与提供图片完全一致，保持相同比例、形状、颜色，全程一致。

[背景音]
轻柔温馨的轻抒情BGM贯穿，音量远低于口播，搭配自然居家底噪，轻微布料摩擦声，无夸张音效。

[转场/剪辑]
TikTok风格快速自然跳切，无复杂特效，贴合15秒节奏。

[约束条件]
保持自然、非摆拍，禁止过度刻意摆拍，禁止价格信息，禁止全屏逐字字幕，适当添加TikTok风格英文卖点贴纸自然融入画面。

[动作与旁白]

Shot 1（0–2s）
Hook：刚拆开快递盒，特写露出娃娃逼真的脸部特写，冲击感抓眼球。

Shot 2（2–4s）
宝妈轻轻用手托起娃娃的身体，手指贴在娃娃脸颊展示柔软质感。

Shot 3（4–6s）
特写娃娃的手工3D睫毛和仿真发丝，镜头轻轻扫过发丝细节，画面出现文字贴纸 ""Hand-painted Details ✨""。

Shot 4（6–8s）
镜头拉远，展示娃娃整套搭配的小衣服配饰，轻轻转动娃娃展示全身造型。

Shot 5（8–10s）
小女孩（宝妈的女儿）凑过来，伸手轻轻触摸娃娃的头发，露出惊喜的表情。

Shot 6（10–12s）
宝妈把整套娃娃和配件一起捧在怀里，对着镜头展示完整套装。

Shot 7（12–15s）
CTA：宝妈把娃娃放在身侧的儿童地毯上，伸手比向屏幕下方购物车位置，微笑引导点击。

旁白 [女性, 20多岁后半, 温柔真诚, 美式口音, 舒缓自然语速, 期待→惊喜满足]：""Wait, look how realistic this reborn doll is! It's so soft, the details are insane. My daughter's gonna lose her mind for her birthday. Tap the link to grab one!""
次要说话人 [女童, 约6岁, 惊喜软萌]：""Wow, it's so pretty!""
```"
1731525744393098105,"https://p16-oec-ttp.tiktokcdn-us.com/tos-useast5-i-omjb5zjo8w-tx/acb73a3489c047f2835fc0706850439c~tplv-omjb5zjo8w-resize-jpeg:800:800.image?,https://p16-oec-ttp.tiktokcdn-us.com/tos-useast5-i-omjb5zjo8w-tx/acb73a3489c047f2835fc0706850439c~tplv-omjb5zjo8w-resize-jpeg:800:800.image?","```
[类型]
UGC 第三人称 家居装饰分享

[概述]
一位年轻女房主在自家玄关，通过展示空墙改造效果，展示这款镜面树脂蜂鸟壁挂装饰的精致质感与适配性，整体氛围温馨治愈、精致舒适。

[风格]
真实原生TikTok UGC风格，手持智能手机拍摄，自然轻微手抖，连续视频，竖屏 9:16

[环境]
浅色系装修的现代美式家居玄关，窗边采光，旁边玄关柜摆有少量干花装饰，干净整洁的休闲居家空间。

[人物与情境]
20-30岁白人年轻女性，穿着休闲浅色系居家卫衣，刚装饰完自家空墙，随手拿起手机分享新入的好物，情绪从对空墙的无奈转为看到成品的满意惊喜，自然不刻意。

[镜头]
手持自然视角，近景开场hook，中景展示整体效果，特写突出细节，轻微自然手抖符合UGC原生感，平视角度亲切自然。

[灯光]
柔和的窗边自然光，暖调，阴影浅淡，突出镜面的反光质感，氛围温馨明亮。

[产品一致性]
立体树脂蜂鸟造型壁挂，带镜面表面设计，造型流畅精致。确保视频中商品视觉效果与提供图片完全一致，保持相同比例、形状、颜色，全程一致。

[背景音]
轻缓lo-fi居家BGM，音量低于口播不抢声，搭配轻微的室内自然环境底噪。

[转场/剪辑]
TikTok风格快速跳切，无复杂特效，自然剪辑。

[约束条件]
保持自然、非摆拍。禁止价格信息，禁止逐字字幕，禁止危险动作。适当添加英文卖点贴纸自然融入画面。

[动作与旁白]

Shot 1（0–2s）
画面：镜头对准玄关光秃秃的空白白墙，女生伸手将蜂鸟壁挂举到墙面位置，文字贴纸 ""Empty Wall Fix ✨""

Shot 2（2–4s）
画面：女生后退一步，中景展示挂好后的玄关整体效果，歪头欣赏。

Shot 3（4–6s）
画面：推镜特写蜂鸟的镜面表面，阳光反射出柔和光斑，女生用指尖轻碰镜面边缘，文字贴纸 ""Mirror Surface""

Shot 4（6–8s）
画面：镜头拉远，展示壁挂和旁边玄关干花装饰的搭配效果，整体和谐温馨。

Shot 5（8–10s）
画面：女生轻轻晃动壁挂展示稳定性，凸显树脂材质的细腻质感。

Shot 6（10–12s）
画面：侧角度镜头，展示蜂鸟的立体造型，光影落在装饰上凸显层次感。

Shot 7（12–15s）
画面：女生侧身站在墙边，微笑着伸手指向壁挂，再指向屏幕下方购物车位置，镜头推近定格在蜂鸟装饰上。

旁白 [女性, 20多岁中段, 温柔惊喜, 美式口音, 放松语速, 无奈→惊喜满足]：""Honestly, my entryway wall was so boring forever. This little hummingbird decor is such a vibe! The mirror detail makes it so luxe, fits any style. Tap the link to grab one for your empty walls!""
```"
1730317816435217044,"https://p16-oec-ttp.tiktokcdn-us.com/tos-useast5-i-omjb5zjo8w-tx/46b508efb7e04e1fb4ea5c8868f36e8b~tplv-omjb5zjo8w-resize-jpeg:800:800.image?,https://p16-oec-ttp.tiktokcdn-us.com/tos-useast5-i-omjb5zjo8w-tx/46b508efb7e04e1fb4ea5c8868f36e8b~tplv-omjb5zjo8w-resize-jpeg:800:800.image?,https://p16-oec-va.ibyteimg.com/tos-maliva-i-o3syd03w52-us/1d748e8496884de5ae6a2b1f45fc4505~tplv-o3syd03w52-resize-jpeg:800:800.image?","```
[类型]
UGC 第三人称

[概述]
一位年轻女性在北欧风客厅，通过居家插花布置展示仿真绣球花的逼真质感与装饰性，整体氛围温馨治愈松弛。

[风格]
真实 TikTok UGC 风格，手持智能手机拍摄，自然轻微手抖，连续视频，竖屏 9:16

[环境]
明亮通透的浅色系北欧风客厅，落地窗透进柔和自然光，背景可见浅米色沙发与干净茶几，是刚整理完的温馨居家氛围。

[人物与情境]
20多岁白人女性，穿着休闲宽松的针织家居服，刚拆完家居好物快递，随手记录布置过程，表情从平淡期待变成惊喜满意，自然分享无刻意推销感。

[镜头]
手持拍摄，从近景特写到中景拉远，平视角度，自然轻微晃动，符合真实UGC拍摄感，多角度展示产品细节与整体效果。

[灯光]
柔和南向自然光，暖调，光影柔和无硬阴影，整体温暖治愈的色调。

[产品一致性]
饱满的蓝紫色渐变仿真绣球花头，花瓣纹理清晰，花型蓬松自然。确保视频中商品视觉效果与提供图片完全一致，保持相同比例、形状、颜色，全程一致。

[背景音]
轻缓温柔的lo-fi BGM贯穿，音量低于口播不抢声，搭配轻微的摆放动作自然环境底噪。

[转场/剪辑]
TikTok风格快速跳切，自然流畅，无复杂特效。

[约束条件]
保持自然、非摆拍。禁止逐字字幕、禁止价格信息，适当添加英文卖点贴纸自然融入画面，无过度宣传感。

[动作与旁白]

Shot 1（0–2s）
画面：插满整瓶的仿真绣球花特写，女生的手轻轻拨弄花头，花型饱满蓬松，视觉惊艳抓眼。

Shot 2（2–4s）
画面：女生拿起单朵绣球花凑到镜头前，展示花瓣纹理细节，画面弹出文字贴纸 ""Looks So Real!""。

Shot 3（4–6s）
画面：中景镜头，女生把绣球花一朵朵插进透明玻璃花瓶，调整花头位置展示整体花量。

Shot 4（6–8s）
画面：镜头拉远，展示插好的花束放在客厅茶几上的整体装饰效果，和浅色系家装自然融合，画面弹出文字贴纸 ""Home Upgrade ✨""。

Shot 5（8–10s）
画面：女生指尖轻轻触碰花瓣，展示仿真花瓣的逼真质感。

Shot 6（10–13s）
画面：快速切镜，分别展示花束摆放在餐桌、卧室床头柜的不同场景效果。

Shot 7（13–15s）
画面：镜头切回客厅茶几的成品花束，女生对着镜头笑，手指向下指向屏幕下方购物车位置引导点击。

旁白 [女性, 20多岁中段, 温柔松弛, 美式口音, 中等舒缓语速, 平淡期待→惊喜满意]：""I wasn't expecting these to look this good! They're so realistic and full, no one can tell they're fake. Perfect for sprucing up any room. Tap the link to grab yours!""
```"
1731849208209052533,"https://p16-oec-va.ibyteimg.com/tos-maliva-i-o3syd03w52-us/5a8ccb8856c444e9850354834e5faf95~tplv-o3syd03w52-resize-jpeg:800:800.image?,https://p16-oec-va.ibyteimg.com/tos-maliva-i-o3syd03w52-us/5a8ccb8856c444e9850354834e5faf95~tplv-o3syd03w52-resize-jpeg:800:800.image?,https://p16-oec-ttp.tiktokcdn-us.com/tos-useast5-i-omjb5zjo8w-tx/bd787f7c85f644528132f3c8bf704043~tplv-omjb5zjo8w-resize-jpeg:800:800.image?","```
[类型]
UGC 第三人称

[概述]
一位年轻天主教信众女性在美式家庭客厅，通过展示悬挂效果与手工细节，呈现这款天主教十字架墙面装饰的精致文艺复兴雕塑质感与家居装饰性，整体氛围宁静温暖，充满平和的信仰氛围。

[风格]
真实TikTok UGC原生风格，手持智能手机拍摄，自然轻微手抖，连续视频，竖屏 9:16

[环境]
浅奶白色墙面的温馨美式客厅，背景可见浅木色沙发与几株小型绿植，午后自然光透过落地窗斜射进来，空间干净整洁，充满生活化的居家氛围。

[人物与情境]
20-30岁白人女性，穿着简约休闲米色针织衫，刚拆完新购入的装饰，自然拿起分享，表情平和温柔，带着找到心仪好物的满足感，无刻意摆拍感。

[镜头]
手持平视拍摄，自然推近拉远，从特写切换到中景，原生轻微手抖符合UGC质感，不刻意过度稳定。

[灯光]
柔和暖调午后自然光，斜射突出雕塑的纹理立体感，阴影柔和，整体氛围温暖治愈。

[产品一致性]
文艺复兴风格手工雕塑天主教十字架，9.65英寸高，耶稣基督造型，雕刻线条精致，外观色调与参考图一致。确保视频中商品视觉效果与提供图片完全一致，保持相同比例、形状、颜色，全程一致。

[背景音]
轻柔舒缓的空灵轻音BGM，音量远低于口播，搭配自然的居家环境底噪，无夸张音效。

[转场/剪辑]
TikTok风格自然跳切，无复杂特效，节奏贴合口播节奏。

[约束条件]
保持自然、非摆拍，禁止价格信息、禁止逐字全屏字幕，禁止夸张营销动作，适当添加英文卖点贴纸自然融入画面。

[动作与旁白]

Shot 1（0–2s）
Hook：特写午后阳光斜射在挂好的十字架雕塑上，清晰展现耶稣造型的雕刻纹理，氛围宁静治愈，画面出现文字贴纸 ""Perfect Prayer Nook Piece ✝️""

Shot 2（2–4s）
镜头慢慢拉远，展示十字架挂在客厅墙面的整体装饰效果，呈现和居家环境的适配度

Shot 3（4–6s）
女性伸手轻轻抚摸十字架的边缘，展示手工雕刻的细腻质感

Shot 4（6–8s）
特写对焦十字架的雕刻细节，展现文艺复兴风格的造型设计，画面出现文字贴纸 ""Handmade Sculpted Detail""

Shot 5（8–10s）
女性双手捧着十字架，对比自己的手掌展示产品尺寸，凸显大小适中适配墙面

Shot 6（10–12s）
镜头拉开，展示十字架和角落祷告区的小型烛台、香薰摆件搭配的整体效果

Shot 7（12–15s）
镜头切回十字架特写，随后女性侧身面对镜头，抬手比向画面下方购物车位置引导点击

旁白 [女性, 20多岁中段, 温柔真诚, 美式口音, 舒缓语速, 平和期待→满足欣喜]：""I've been hunting for the right cross for my prayer nook, and this is it. The handmade Renaissance details are so stunning, fits my space perfectly. It's also such a thoughtful gift. Tap the link to check it out!""
```"
1730317816435217044,"https://p16-oec-ttp.tiktokcdn-us.com/tos-useast5-i-omjb5zjo8w-tx/46b508efb7e04e1fb4ea5c8868f36e8b~tplv-omjb5zjo8w-resize-jpeg:800:800.image?,https://p16-oec-ttp.tiktokcdn-us.com/tos-useast5-i-omjb5zjo8w-tx/46b508efb7e04e1fb4ea5c8868f36e8b~tplv-omjb5zjo8w-resize-jpeg:800:800.image?,https://p16-oec-va.ibyteimg.com/tos-maliva-i-o3syd03w52-us/1d748e8496884de5ae6a2b1f45fc4505~tplv-o3syd03w52-resize-jpeg:800:800.image?","```
[类型]
UGC 第三人称

[概述]
一位年轻家居博主在自家玄关，通过改造空白桌面展示仿真绣球花的逼真质感与百搭装饰效果，整体氛围温馨治愈、清新舒适。

[风格]
真实原生TikTok UGC风格，手持智能手机拍摄，自然轻微抖动，充满日常分享感，连续视频，竖屏 9:16

[环境]
明亮的北欧风居家玄关，靠窗位置，浅色简约家具，背景干净整洁，柔和松弛的居家氛围。

[人物与情境]
20-28岁白人年轻女性，穿着浅色系休闲居家卫衣，正在整理家居角落，想要改造单调的空白桌面，自发分享挖到的装饰好物，表情从对空白桌面的无奈到改造后的满意欣喜，状态自然松弛。

[镜头]
手持拍摄，平视角度，近景开场，特写展示细节，中景呈现整体效果，符合日常记录的原生感。

[灯光]
柔和的窗边漫射自然光，暖调浅色系，阴影柔和，营造温馨明亮的居家氛围。

[产品一致性]
饱满的蓝紫色仿真绣球花头，花瓣层次清晰，质感逼真，确保视频中商品视觉效果与提供图片完全一致，保持相同比例、形状、颜色，全程一致。

[背景音]
轻缓慵懒的轻民谣BGM贯穿全片，音量低于口播不抢声，搭配轻微的窗边自然风底噪。

[转场/剪辑]
TikTok风格快速自然跳切，无复杂特效，保持原生分享感。

[约束条件]
保持自然、非摆拍，禁止价格信息，禁止逐字全屏字幕，禁止夸张摆拍动作，适当添加英文卖点贴纸自然融入画面。

[动作与旁白]

Shot 1（0–2s）
画面：特写空空荡荡的浅色玄关桌面，画面弹出文字贴纸 ""My space was so boring 😩""

Shot 2（2–4s）
画面：女生手捧一捧仿真绣球花，对着镜头展示整束花的完整形态。

Shot 3（4–6s）
画面：特写女生手指轻轻拨动绣球花瓣，展示花瓣的饱满层次和逼真质感，弹出文字贴纸 ""Super Realistic 🌸""

Shot 4（6–8s）
画面：女生把绣球花插入桌面的透明花瓶，调整摆放位置。

Shot 5（8–10s）
画面：镜头拉远，展示改造完成后的整个玄关桌面，整体清新和谐。

Shot 6（10–12s）
画面：特写绣球花和桌面小香薰的搭配，突出整体氛围感。

Shot 7（12–15s）
画面：女生侧身站在桌边，笑着伸手点向屏幕下方，引导点击购物车。

旁白 [女性, 20多岁中段, 温柔治愈分享感, 美式口音, 放松中等语速, 略微无奈→欣喜满意]：""Honestly, my boring empty entryway was driving me crazy. These hydrangeas look so real, no one can tell they're fake. They fit any space, tap the link to grab yours for your home!""
```"
1731849208209052533,"https://p16-oec-va.ibyteimg.com/tos-maliva-i-o3syd03w52-us/5a8ccb8856c444e9850354834e5faf95~tplv-o3syd03w52-resize-jpeg:800:800.image?,https://p16-oec-va.ibyteimg.com/tos-maliva-i-o3syd03w52-us/5a8ccb8856c444e9850354834e5faf95~tplv-o3syd03w52-resize-jpeg:800:800.image?,https://p16-oec-ttp.tiktokcdn-us.com/tos-useast5-i-omjb5zjo8w-tx/bd787f7c85f644528132f3c8bf704043~tplv-omjb5zjo8w-resize-jpeg:800:800.image?","```
[类型]
UGC 第三人称

[概述]
一位年轻虔诚信徒在自家客厅墙面布置这款手工文艺复兴十字架壁挂，展示产品的精致雕刻工艺与装饰性，整体氛围平和温暖，虔诚治愈。

[风格]
真实TikTok UGC风格，手持智能手机拍摄，自然轻微手抖，连续视频，竖屏 9:16

[环境]
明亮干净的美式浅色系客厅，简约软装布置，空白的入户墙面，上午柔和自然光入室，宁静松弛的居家氛围。

[人物与情境]
20-30岁白人女性，穿着宽松米白色休闲针织衫，刚刚拆封收到这款装饰，自然布置墙面，表情从期待转为平和满足，自发分享好物，无刻意摆拍感。

[镜头]
手持平视视角，特写展示雕刻细节，中景展示整体墙面搭配，缓慢运镜过渡，自然不突兀。

[灯光]
柔和侧射自然光，阴影柔和，温暖干净的暖调，突出十字架雕刻的肌理质感。

[产品一致性]
文艺复兴雕塑风格手工天主教十字架壁挂，耶稣基督造型，做旧复古质感，9.65英寸高度，确保视频中商品视觉效果与提供图片完全一致，保持相同比例、形状、颜色，全程一致。

[背景音]
轻柔舒缓的轻暖BGM贯穿，音量远低于口播，搭配自然轻微的居家环境底噪，无夸张音效。

[转场/剪辑]
TikTok风格自然跳切，节奏明快不拖沓，无复杂特效。

[约束条件]
保持自然、非摆拍。禁止夸张推销动作，禁止价格信息，适当添加英文卖点贴纸自然融入画面，无逐字字幕。

[动作与旁白]
Shot 1（0–2s）
画面：近距离特写十字架的耶稣雕塑雕刻细节，清晰呈现手工肌理，第一秒抓住视线。

Shot 2（2–4s）
画面：镜头向后拉远，展示十字架挂在浅色墙面的整体效果，呈现和家居环境的搭配。画面出现文字贴纸 ""Handmade Detail ✨""

Shot 3（4–6s）
画面：女性的手轻轻拂过十字架边缘，展示雕刻的细腻质感。

Shot 4（6–8s）
画面：中景镜头，女性站在墙前侧身，微笑着看向十字架，氛围平和。画面出现文字贴纸 ""Perfect Religious Decor""

Shot 5（8–10s）
画面：特写十字架的整体轮廓，展示做旧复古的文艺复兴风格质感。

Shot 6（10–13s）
画面：女性侧身站在旁，展示十字架和墙面的比例适配度。

Shot 7（13–15s）
画面：镜头切回十字架特写，缓慢小幅晃动，引导点击查看。

旁白 [女性, 20多岁后半, 温和真诚, 美式口音, 缓慢舒缓, 期待→平和满足]：""I’ve been looking for the perfect cross for my home. This handmade Renaissance crucifix is exactly what I wanted. Gorgeous detail, fits any space, great for gifting too. Tap the link to check it out!""
```"
1730317816435217044,"https://p16-oec-ttp.tiktokcdn-us.com/tos-useast5-i-omjb5zjo8w-tx/46b508efb7e04e1fb4ea5c8868f36e8b~tplv-omjb5zjo8w-resize-jpeg:800:800.image?,https://p16-oec-ttp.tiktokcdn-us.com/tos-useast5-i-omjb5zjo8w-tx/46b508efb7e04e1fb4ea5c8868f36e8b~tplv-omjb5zjo8w-resize-jpeg:800:800.image?,https://p16-oec-va.ibyteimg.com/tos-maliva-i-o3syd03w52-us/1d748e8496884de5ae6a2b1f45fc4505~tplv-o3syd03w52-resize-jpeg:800:800.image?","```
[类型]
UGC 第三人称

[概述]
一位年轻居家博主在自家客厅，通过布置装饰展示仿真绣球花的逼真质感与百搭装饰性，整体氛围轻松治愈、充满日常氛围感。

[风格]
真实原生TikTok UGC风格，手持智能手机拍摄，带自然轻微抖动，连续视频，竖屏 9:16

[环境]
明亮的现代简约风客厅，白天，落地窗透进柔和自然光，背景可见浅灰色沙发与简约木质家具，整洁温馨的日常居家氛围。

[人物与情境]
20多岁白人年轻女性，穿着休闲宽松卫衣牛仔裤，原本整理客厅桌面，发现新买的仿真花超出预期，随手拿起手机分享，情绪从对鲜切花的无奈变成惊喜满意。

[镜头]
手持平视视角，自然跟随人物动作移动，中景展示整体装饰效果，特写突出花头质感，无刻意生硬运镜。

[灯光]
柔和的白天室内自然光，暖调，均匀明亮，无生硬阴影，营造温馨居家氛围。

[产品一致性]
饱满蓬松的圆形绣球花头，花瓣纹理清晰，色调柔和自然，多支成束。确保视频中商品视觉效果与提供图片完全一致，保持相同比例、形状、颜色，全程一致。

[背景音]
轻缓柔和的居家BGM，音量远低于口播不抢声，搭配轻微自然室内环境底噪。

[转场/剪辑]
TikTok风格快速自然跳切，无复杂特效，节奏流畅贴合内容。

[约束条件]
保持自然、非摆拍，禁止过度修饰的刻意摆拍感，禁止逐字字幕，禁止价格信息，适当添加英文卖点贴纸自然融入画面。

[动作与旁白]

Shot 1（0–2s）
画面：女生皱眉对着桌上枯萎的鲜绣球花摇头，把枯花拿到一边（痛点Hook）

Shot 2（2–4s）
画面：拿出一整束仿真绣球花，对着镜头展示整束的饱满花型

Shot 3（4–6s）
画面：特写花头，女生用手指轻轻拨动花瓣展示质感，画面出现文字贴纸 ""Looks So Real 🌸""

Shot 4（6–8s）
画面：女生把仿真绣球花插进桌面透明花瓶，调整摆放位置

Shot 5（8–10s）
画面：拉远中景，展示插好花的客厅角落，女生侧身欣赏整体效果

Shot 6（10–12s）
画面：切镜展示绣球花摆放在餐桌中央的装饰效果，画面出现文字贴纸 ""No Water Needed ✨""

Shot 7（12–15s）
画面：镜头切回整束绣球花的特写，女生的手轻轻点向屏幕下方，引导点击购物车

旁白 [女性, 20多岁中段, 轻松闺蜜感, 美式口音, 自然语速, 无奈烦躁→惊喜愉悦→真诚推荐]：""Ugh, so tired of fresh flowers dying after three days. Wait till you see these hydrangeas — they look totally real! Instantly upgrades any space, no watering ever. Tap the link to grab yours!""
```"
1731849208209052533,"https://p16-oec-va.ibyteimg.com/tos-maliva-i-o3syd03w52-us/5a8ccb8856c444e9850354834e5faf95~tplv-o3syd03w52-resize-jpeg:800:800.image?,https://p16-oec-va.ibyteimg.com/tos-maliva-i-o3syd03w52-us/5a8ccb8856c444e9850354834e5faf95~tplv-o3syd03w52-resize-jpeg:800:800.image?,https://p16-oec-ttp.tiktokcdn-us.com/tos-useast5-i-omjb5zjo8w-tx/bd787f7c85f644528132f3c8bf704043~tplv-omjb5zjo8w-resize-jpeg:800:800.image?","```
[类型]
UGC 第三人称

[概述]
一位年轻虔诚的白人女性在温馨美式居家客厅，展示刚安装好的手工文艺复兴风格天主教十字架墙饰，呈现产品精致雕刻质感与适配家居的装饰效果，整体氛围宁静温暖，充满信仰氛围感。

[风格]
真实TikTok UGC风格，手持智能手机拍摄，带自然轻微手抖，连续视频，竖屏 9:16

[环境]
暖调美式客厅，浅奶咖色纯色墙面，背景可见简约布艺沙发与软装饰，午后自然光透过纱帘洒入，安静舒适的私人信仰空间

[人物与情境]
20-30岁白人女性，穿着宽松简约的棉麻居家裙，头发自然散落，刚收到新品并完成安装，自发拿起手机记录分享，表情从期待转为平静满足，状态自然放松

[镜头]
手持平视第三人称视角，运镜自然舒缓，特写展示细节，中远景展示整体上墙效果，节奏贴合氛围

[灯光]
柔和午后暖调侧光，阴影柔和，突出十字架雕刻纹理，整体氛围温暖宁静

[产品一致性]
9.65英寸高天主教十字架耶稣雕塑墙饰，文艺复兴风格手工雕刻，纹理清晰复古。确保视频中商品视觉效果与提供图片完全一致，保持相同比例、形状、颜色，全程一致

[背景音]
轻柔舒缓的轻音BGM贯穿，音量远低于口播，搭配自然居家环境底噪，安静不突兀

[转场/剪辑]
TikTok风格自然跳切，无夸张特效，节奏舒缓

[约束条件]
保持自然、非摆拍，禁止夸张动作、禁止价格信息、禁止逐字全屏字幕，适当添加英文卖点贴纸自然融入画面

[动作与旁白]

Shot 1（0–2s）
画面：特写十字架的耶稣雕刻细节，午后光线落在纹理上，镜头微微前移抓眼球

Shot 2（2–4s）
画面：镜头缓缓拉远，展示十字架挂在墙面上的整体效果，融入居家环境

Shot 3（4–6s）
画面：特写十字架边缘，女性的手轻轻拂过雕刻表面展示手工质感，画面出现文字贴纸 ""Hand Carved ✨""

Shot 4（6–8s）
画面：中景，女性侧身站在十字架旁，微笑着看向墙面装饰，点头认可

Shot 5（8–10s）
画面：特写尺寸对比，女性手掌放在十字架旁，展示合适的9.65英寸大小

Shot 6（10–12s）
画面：远景镜头，展示十字架和整个客厅软装的和谐搭配，画面出现文字贴纸 ""Timeless Decor""

Shot 7（12–15s）
画面：镜头切回女性正对镜头，微笑着轻点屏幕下方引导点击

旁白 [女性, 20多岁中段, 温柔真诚, 美式口音, 舒缓语速, 平静期待→欣慰满足]：""Honestly, I've been looking for the perfect cross for my wall forever. This hand-carved renaissance one is just stunning. It fits so perfectly in my space, such a gentle daily reminder. Grab yours if you've been searching too, tap the link below!""
```"
1730317816435217044,"https://p16-oec-ttp.tiktokcdn-us.com/tos-useast5-i-omjb5zjo8w-tx/46b508efb7e04e1fb4ea5c8868f36e8b~tplv-omjb5zjo8w-resize-jpeg:800:800.image?,https://p16-oec-ttp.tiktokcdn-us.com/tos-useast5-i-omjb5zjo8w-tx/46b508efb7e04e1fb4ea5c8868f36e8b~tplv-omjb5zjo8w-resize-jpeg:800:800.image?,https://p16-oec-va.ibyteimg.com/tos-maliva-i-o3syd03w52-us/1d748e8496884de5ae6a2b1f45fc4505~tplv-o3syd03w52-resize-jpeg:800:800.image?","```
[类型]
UGC 第三人称

[概述]
一位年轻家居博主在居家客厅，通过对比枯萎鲜切花和仿真花，展示仿真绣球花逼真质感、免养护的核心卖点，整体氛围清新治愈，温馨自然。

[风格]
真实TikTok UGC风格，手持智能手机拍摄，自然轻微手抖，日常分享感。连续视频。竖屏 9:16。

[环境]
明亮的浅色系美式居家客厅，落地窗透进自然光，背景可见简约布艺沙发，干净整洁的日常家居环境。

[人物与情境]
20多岁白人年轻女性，身着休闲浅色针织上衣，淡妆，刚整理完客厅，随手分享布置心得，情绪从无奈烦恼转成惊喜满意，自然无刻意推销感。

[镜头]
手持拍摄，平视视角，开场中景，特写拍花材细节，中景展示摆放效果，运镜跟随动作自然移动。

[灯光]
柔和南向自然光，暖调均匀照明，无强烈硬阴影，整体清新明亮氛围。

[产品一致性]
饱满的淡蓝紫色仿真绣球花头，花瓣纹理清晰，花型蓬松立体。确保视频中商品视觉效果与提供图片完全一致，保持相同比例、形状、颜色，全程一致。

[背景音]
轻缓慵懒的轻民谣BGM贯穿，音量低于口播不抢声，搭配轻微的室内环境底噪，自然柔和。

[转场/剪辑]
TikTok风格快速跳切，无复杂特效，剪辑自然流畅。

[约束条件]
保持自然、非摆拍。禁止价格信息、禁止逐字全屏字幕，禁止夸张摆拍。适当添加英文卖点贴纸自然融入画面。

[动作与旁白]

Shot 1（0–2s）
画面：茶几上放着已经蔫掉枯萎的真绣球花，博主对着镜头无奈摊手，痛点Hook。

Shot 2（2–4s）
画面：博主移走蔫花，拿出一束饱满的仿真绣球花，对着镜头整体展示花型。

Shot 3（4–6s）
画面：特写花瓣，博主用手指轻轻拂过花瓣，展示纹理质感。画面弹出文字贴纸 ""Looks So Real 😍""。

Shot 4（6–8s）
画面：博主将仿真绣球花插进玻璃花瓶，轻松调整花的位置。

Shot 5（8–10s）
画面：中景展示插好的绣球花瓶放在沙发边几的整体装饰效果。

Shot 6（10–12s）
画面：切镜展示另一束绣球花摆在餐厅餐边柜的效果，博主侧身点头表示满意。画面弹出文字贴纸 ""Never Wilts ✨""。

Shot 7（12–15s）
画面：博主退后半步张开手臂展示整个空间，随后伸手点向屏幕下方购物车位置引导下单。

旁白 [女性, 20多岁中段, 温柔治愈, 美式口音, 放松语速, 无奈烦恼→惊喜满意]：""Ugh, my real hydrangeas died in like 3 days... Wait, these are FAKE! They look so real, right? Perfect for any spot, they never wilt. Tap the link below to grab yours!""
```"
1731849208209052533,"https://p16-oec-va.ibyteimg.com/tos-maliva-i-o3syd03w52-us/5a8ccb8856c444e9850354834e5faf95~tplv-o3syd03w52-resize-jpeg:800:800.image?,https://p16-oec-va.ibyteimg.com/tos-maliva-i-o3syd03w52-us/5a8ccb8856c444e9850354834e5faf95~tplv-o3syd03w52-resize-jpeg:800:800.image?,https://p16-oec-ttp.tiktokcdn-us.com/tos-useast5-i-omjb5zjo8w-tx/bd787f7c85f644528132f3c8bf704043~tplv-omjb5zjo8w-resize-jpeg:800:800.image?","```
[类型]
UGC 第一人称 居家宗教装饰分享

[概述]
一位年轻天主教信徒在自家客厅的祈祷角，通过展示整体悬挂效果和手工细节，展示这款天主教十字架壁挂的精致雕塑质感与装饰性，整体氛围宁静虔诚温馨。

[风格]
真实 TikTok UGC 风格，手持智能手机拍摄，自然轻微手抖，原生感分享画面，连续视频，竖屏 9:16

[环境]
整洁温馨的美式居家客厅，浅米色空白墙面，窗边柔和自然光洒入，安静简约的祈祷空间，氛围平和。

[人物与情境]
20多岁白人女性，穿着简约休闲米白针织上衣，刚将十字架挂好，自然对着镜头分享自己的新装饰，情绪从期待到满足，没有刻意推销感，就是同好分享。

[镜头]
自然手持运镜，从远景拉到近景再到特写，平视角度，贴合第一人称分享视角，流畅变换景别突出产品细节。

[灯光]
柔和的日间侧方自然光，打在十字架雕塑上突出纹理层次，无硬阴影，色调温暖柔和，营造沉静氛围。

[产品一致性]
文艺复兴雕塑风格天主教十字架壁挂，立体耶稣造型，手工质感，9.65英寸尺寸，外观细节与提供图片一致。确保视频中商品视觉效果与提供图片完全一致，保持相同比例、形状、颜色，全程一致。

[背景音]
轻柔舒缓的轻钢琴BGM贯穿全程，音量远低于口播，搭配自然的室内轻微环境音，安静不嘈杂。

[转场/剪辑]
TikTok风格自然跳切，无复杂特效，流畅切换不同景别。

[约束条件]
保持自然、非摆拍，禁止逐字字幕，禁止价格信息，禁止夸张宣传，适当添加英文卖点贴纸文字，自然融入画面。

[动作与旁白]

Shot 1（0–2s）
画面：第一人称视角后退一步，展示刚挂好的十字架在空白墙面的整体效果，画面出现文字贴纸 ""Game Changer for my prayer nook ✝️""

Shot 2（2–4s）
画面：镜头缓缓推近，展示十字架和周围居家软装的整体搭配效果。

Shot 3（4–6s）
画面：继续推近十字架主体，特写文艺复兴风格雕塑的纹理细节，突出手工雕刻的层次。

Shot 4（6–8s）
画面：女性的手轻轻触碰十字架外边缘，展示做工的细腻质感。

Shot 5（8–10s）
画面：镜头拉远，展示整个祈祷角的完整氛围，女性站在一旁浅笑。

Shot 6（10–12s）
画面：切镜特写十字架整体立体造型，文字贴纸 ""Handmade Renaissance Detail""

Shot 7（12–15s）
画面：镜头切到中景，女性面向镜头，手轻轻比向墙上的十字架，引导点击。

旁白 [女性, 20多岁中段, 宁静真诚, 美式口音, 舒缓放松语速, 满心期待→满足欣慰]：""I've been looking for the perfect cross for my prayer nook forever. This handmade one is exactly what I wanted, such beautiful detail. It fits perfectly here, makes my space feel so peaceful. It's also a great gift, tap the link to get yours!""
```"
1731787082116141179,"https://p16-oec-ttp.tiktokcdn-us.com/tos-useast5-i-omjb5zjo8w-tx/390c965198654e94ad0e8580e8a8c762~tplv-omjb5zjo8w-resize-jpeg:800:800.image?,https://p16-oec-va.ibyteimg.com/tos-maliva-i-o3syd03w52-us/6faf4859923a4efa84a2148f4d8feb5c~tplv-o3syd03w52-resize-jpeg:800:800.image?,https://p16-oec-ttp.tiktokcdn-us.com/tos-useast5-i-omjb5zjo8w-tx/390c965198654e94ad0e8580e8a8c762~tplv-omjb5zjo8w-resize-jpeg:800:800.image?,https://p16-oec-va.ibyteimg.com/tos-maliva-i-o3syd03w52-us/6faf4859923a4efa84a2148f4d8feb5c~tplv-o3syd03w52-resize-jpeg:800:800.image?,https://p16-oec-va.ibyteimg.com/tos-maliva-i-o3syd03w52-us/6faf4859923a4efa84a2148f4d8feb5c~tplv-o3syd03w52-resize-jpeg:800:800.image?","```
[类型]
UGC 第三人称

[概述]
一位年轻女性在晨间客厅收拾通勤物品，通过日常出门的场景展示牛仔风不锈钢保温杯的高颜值外观、双盖设计和便携保温特性，整体氛围轻松自然，充满日常种草感。

[风格]
真实TikTok UGC风格，手持智能手机拍摄，自然轻微手抖，连续视频，竖屏 9:16

[环境]
明亮的晨间美式住宅客厅玄关，暖调自然光透窗而入，背景可见挂好的通勤外套、钥匙挂钩，生活化的日常出门场景

[人物与情境]
20多岁白人年轻女性，穿休闲卫衣牛仔裤，正收拾出门的随身包，原本只是随手分享新入手的水杯，情绪从出门前的小烦躁变成发现好物的惊喜，状态松弛自然

[镜头]
平视手持视角，开头近景抓情绪，特写展示产品细节，中景展示使用场景，自然切换角度

[灯光]
柔和的晨间室内自然光，暖调均匀照明，无强烈硬阴影，温馨自然

[产品一致性]
牛仔纹理外观的不锈钢保温杯，配备吸管盖和直饮双盖，外观简约百搭。确保视频中商品视觉效果与提供图片完全一致，保持相同比例、形状、颜色，全程一致

[背景音]
轻快轻节奏的流行BGM贯穿，音量低于口播不抢声，混合轻微的晨间室内环境底噪，自然真实

[转场/剪辑]
TikTok风格快速干净跳切，无复杂特效，符合短视频观看节奏

[约束条件]
保持自然、非摆拍。禁止开盖展示瓶口细节，无价格信息，无逐字字幕，适当添加英文卖点贴纸自然融入画面

[动作与旁白]

Shot 1（0–2s）
画面：女生拿着已经漏湿包边、冰块完全融化的旧保温杯，皱着眉对着镜头翻了个白眼，痛点hook

Shot 2（2–4s）
画面：女生从购物袋里掏出全新的牛仔风保温杯，对着镜头晃了晃展示整体外观，画面出现文字贴纸 ""Game Changer""

Shot 3（4–6s）
画面：特写牛仔纹理杯身，女生用手指轻轻划过纹理，展示独特外观质感

Shot 4（6–8s）
画面：展示搭配的两个不同杯盖，女生分别拿起对着镜头稍作停留，画面出现文字贴纸 ""Dual Lids""

Shot 5（8–10s）
画面：女生把保温杯塞进随身通勤包，轻轻晃了晃包身，展示不会外漏、适配包型

Shot 6（10–13s）
画面：中景展示女生背起包，保温杯自然放在包侧插袋里，展示日常出行的便携性

Shot 7（13–15s）
画面：镜头切近，女生拿起保温杯对着镜头举了举，伸手比向屏幕下方购物车位置，引导点击

旁白 [女性, 20多岁前段, 闺蜜式分享, 美式口音, 自然中等语速, 烦躁无奈→惊喜满意]：""Tired of your drink getting warm before you even get to work? Look at this cute denim tumbler! It keeps iced cold for hours, fits right in your bag. Tap the link to grab yours!""
```"
1732020668438515761,"https://p16-oec-ttp.tiktokcdn-us.com/tos-useast5-i-omjb5zjo8w-tx/9a205787d4a04d35b901a7d45dca7394~tplv-omjb5zjo8w-resize-jpeg:800:800.image?,https://p16-oec-ttp.tiktokcdn-us.com/tos-useast5-i-omjb5zjo8w-tx/9a205787d4a04d35b901a7d45dca7394~tplv-omjb5zjo8w-resize-jpeg:800:800.image?,https://p16-oec-va.ibyteimg.com/tos-maliva-i-o3syd03w52-us/93d14acd4bbd48d881f77600526e3b22~tplv-o3syd03w52-resize-jpeg:800:800.image?,https://p16-oec-ttp.tiktokcdn-us.com/tos-useast5-i-omjb5zjo8w-tx/9a205787d4a04d35b901a7d45dca7394~tplv-omjb5zjo8w-resize-jpeg:800:800.image?,https://p16-oec-ttp.tiktokcdn-us.com/tos-useast5-i-omjb5zjo8w-tx/9a205787d4a04d35b901a7d45dca7394~tplv-omjb5zjo8w-resize-jpeg:800:800.image?,https://p16-oec-va.ibyteimg.com/tos-maliva-i-o3syd03w52-us/93d14acd4bbd48d881f77600526e3b22~tplv-o3syd03w52-resize-jpeg:800:800.image?","```
[类型]
UGC 第三人称

[概述]
一位年轻白人女性在卧室睡前场景，通过开关灯对比、细节展示，呈现圣裘德亚克力装饰夜灯的柔和暖光与装饰效果，核心卖点是柔和护眼、精致设计、温馨氛围感，整体氛围治愈松弛。

[风格]
真实TikTok UGC风格，手持智能手机拍摄，自然轻微手抖，连续视频，竖屏 9:16

[环境]
睡前昏暗的卧室，仅窗外透入微弱街景光线，背景可见简约床头柜与柔软床品，安静松弛的居家氛围

[人物与情境]
20-30岁白人年轻女性，穿着宽松休闲居家睡裙，整理床头柜时自然分享新收到的夜灯，情绪从平静放松到惊喜喜爱，无刻意推销感

[镜头]
手持自然运镜，开头近景抓眼，特写展示细节，拉远展示摆放效果，平视角度贴近日常使用视角

[灯光]
整体环境偏暗，突出夜灯本身的柔和暖光，色调温暖治愈，无强烈硬阴影

[产品一致性]
透明亚克力装饰牌带有圣裘德软袍形象，搭配温润暖色调底座的USB供电LED夜灯，确保视频中商品视觉效果与提供图片完全一致，保持相同比例、形状、颜色，全程一致

[背景音]
轻柔舒缓的低音量卧室BGM，音量低于口播不抢声，搭配轻微的居家环境底噪，安静不突兀

[转场/剪辑]
TikTok风格自然跳切，无复杂特效，节奏贴合15秒时长

[约束条件]
保持自然、非摆拍，禁止价格信息、禁止逐字大字幕，禁止插拔等多余操作，适当添加英文卖点贴纸自然融入画面

[动作与旁白]

Shot 1（0–2s）
画面：昏暗卧室中，亮着暖光的圣裘德夜灯占据画面中心，柔和光线漫出，瞬间抓住视线

Shot 2（2–4s）
画面：特写亚克力牌上的圣裘德软袍形象，清晰展示印刷细节，画面弹出文字贴纸""Beautiful Detail ✨""

Shot 3（4–6s）
画面：手指轻触底座开关，夜灯熄灭，对比全暗的卧室环境

Shot 4（6–8s）
画面：再次轻触开关点亮夜灯，暖光慢慢铺满附近区域，画面弹出文字贴纸""So Soft Glow""

Shot 5（8–10s）
画面：镜头拉远，展示夜灯摆放在卧室床头柜的整体搭配效果

Shot 6（10–12s）
画面：手轻轻扶住夜灯底座，小幅度转动展示整体造型和底座质感

Shot 7（12–15s）
画面：镜头切回亮着的夜灯特写，右下角慢慢弹出购物车图标引导点击

旁白 [女性, 20多岁中段, 温柔舒缓, 美式口音, 放松缓慢语速, 平静柔和→欣喜满足]：""Honestly, this little night light is such a vibe for my bedroom. The warm glow is so soft, never harsh at all. Such a pretty little piece, I love having it by my bed. Tap the link to grab yours!""
```"
